{"0": [0.6424116424116424, 0.04680365296803653, 0.8229571984435797, 0.32943469785575047], "1": [0.6502079002079002, 0.09322678843226788, 0.831013916500994, 0.3664717348927875], "2": [0.6481288981288982, 0.1445966514459665, 0.8422796554009278, 0.3968421052631579], "3": [0.6481288981288982, 0.1887366818873668, 0.8267064280980781, 0.43157894736842106], "4": [0.6351351351351352, 0.2226027397260274, 0.8171206225680934, 0.4589473684210526], "5": [0.6611226611226612, 0.2968036529680365, 0.8846153846153847, 0.5473684210526316], "6": [0.6886694386694387, 0.350076103500761, 0.9269141531322506, 0.5968421052631578], "7": [0.7089397089397089, 0.275, 0.9773781902552203, 0.6410526315789473], "8": [0.721933471933472, 0.3125, 0.9872389791183295, 0.6652631578947368], "9": [0.7255717255717256, 0.34800000000000003, 0.9872389791183295, 0.6873684210526315], "10": [0.6980249480249481, 0.386, 0.9494047619047619, 0.7073684210526315], "11": [0.6813929313929314, 0.3985, 0.9120879120879122, 0.7105263157894737], "12": [0.6538461538461539, 0.4215, 0.8914835164835165, 0.7157894736842105], "13": [0.6481288981288982, 0.4545, 0.8832417582417583, 0.728421052631579], "14": [0.646049896049896, 0.46950000000000003, 0.8777472527472528, 0.7526315789473684], "15": [0.659043659043659, 0.49, 0.8875379939209727, 0.7736842105263158], "16": [0.6444906444906445, 0.53, 0.8798076923076923, 0.7936842105263158], "17": [0.6096673596673597, 0.5425, 0.8246951219512195, 0.7884210526315789], "18": [0.6112266112266113, 0.551, 0.8240740740740741, 0.7989473684210526], "19": [0.6444906444906445, 0.551, 0.8677248677248677, 0.8094736842105263], "20": [0.6444906444906445, 0.5865, 0.8794642857142857, 0.8463157894736842], "21": [0.6185031185031186, 0.6115, 0.8463157894736842, 0.8494736842105263], "22": [0.577962577962578, 0.6385000000000001, 0.8289473684210527, 0.8642105263157894], "23": [0.5634095634095635, 0.668, 0.8463157894736842, 0.8984018264840182], "24": [0.5504158004158004, 0.711768851303735, 0.8652631578947368, 0.9452054794520548], "25": [0.511954261954262, 0.7522903453136012, 0.8478947368421053, 0.982876712328767], "26": [0.4672557172557173, 0.7744890768146583, 0.8063157894736842, 1.0], "27": [0.13425925925925924, 0.5582191780821918, 0.7505263157894737, 0.9810526315789474], "28": [0.3310810810810811, 0.7818886539816773, 0.6968421052631579, 0.9929797191887676], "29": [0.6075883575883576, 0.392, 0.8282967032967034, 0.6799999999999999], "30": [0.5727650727650728, 0.3795, 0.793956043956044, 0.6673684210526316], "31": [0.5395010395010396, 0.3755, 0.7609890109890111, 0.6621052631578948], "32": [0.4968814968814969, 0.4005, 0.7376373626373627, 0.6726315789473684], "33": [0.4490644490644491, 0.419, 0.6785714285714286, 0.6747368421052632], "34": [0.38253638253638256, 0.438, 0.634020618556701, 0.6747368421052632], "35": [0.33471933471933474, 0.4545, 0.586340206185567, 0.6821052631578948], "36": [0.3918918918918919, 0.4505, 0.6353092783505154, 0.6799999999999999], "37": [0.446985446985447, 0.436, 0.6842783505154639, 0.6894736842105263], "38": [0.49324324324324326, 0.436, 0.7417582417582418, 0.7021052631578947], "39": [0.5244282744282744, 0.46950000000000003, 0.7637362637362638, 0.7347368421052631], "40": [0.5524948024948025, 0.511, 0.7747252747252747, 0.7652631578947369], "41": [0.5966735966735968, 0.5465, 0.8174603174603174, 0.8082191780821917], "42": [0.5374220374220374, 0.4545, 0.7802197802197803, 0.7111872146118721], "43": [0.5893970893970895, 0.484, 0.8104395604395606, 0.7431506849315068], "44": [0.5727650727650728, 0.434, 0.8090659340659341, 0.7031578947368421], "45": [0.5483367983367984, 0.601, 0.7802197802197803, 0.8368421052631578], "46": [0.5265072765072766, 0.628, 0.771578947368421, 0.851578947368421], "47": [0.50987525987526, 0.6635, 0.7647368421052632, 0.8768421052631579], "48": [0.498960498960499, 0.6948555320648344, 0.7768421052631579, 0.9143835616438356], "49": [0.48960498960498966, 0.7170542635658915, 0.7836842105263158, 0.9474885844748858], "50": [0.472972972972973, 0.7410147991543341, 0.7747368421052632, 0.9611872146118721], "51": [0.45270270270270274, 0.7579281183932347, 0.7473684210526316, 0.9646118721461187], "52": [0.4178794178794179, 0.7115, 0.711340206185567, 0.9223744292237442], "53": [0.446985446985447, 0.6635, 0.7194736842105263, 0.891552511415525], "54": [0.48960498960498966, 0.62, 0.738421052631579, 0.843607305936073], "55": [0.5207900207900208, 0.5885, 0.7542105263157894, 0.8210526315789474], "56": [0.577962577962578, 0.551, 0.7857142857142857, 0.7968421052631579], "57": [0.4786902286902287, 0.676, 0.7461340206185567, 0.8747368421052631], "58": [0.43243243243243246, 0.5635, 0.6894329896907216, 0.7884210526315789], "59": [0.3622661122661123, 0.557, 0.6365979381443299, 0.7716894977168949], "60": [0.4381496881496882, 0.536, 0.6765463917525774, 0.7610526315789473], "61": [0.36070686070686075, 0.5255, 0.6301546391752577, 0.7431578947368421], "62": [0.40124740124740127, 0.7484143763213531, 0.7048969072164948, 0.95662100456621], "63": [0.33471933471933474, 0.7265680056377731, 0.643041237113402, 0.9212328767123287], "64": [0.24126984126984127, 0.674, 0.5567010309278351, 0.8664717348927875], "65": [0.18253968253968253, 0.6552718286655683, 0.5115979381443299, 0.8538011695906432], "66": [0.14285714285714285, 0.6095, 0.47551546391752575, 0.8245614035087718], "67": [0.13106796116504854, 0.5405, 0.45489690721649484, 0.7716894977168949], "68": [0.14126984126984127, 0.47591743119266056, 0.4484536082474227, 0.6974885844748858], "69": [0.12857142857142856, 0.4197247706422018, 0.42396907216494845, 0.6336842105263157], "70": [0.12380952380952381, 0.3926940639269406, 0.4110824742268041, 0.6168421052631579], "71": [0.13565488565488565, 0.3562691131498471, 0.4252577319587629, 0.5989473684210527], "72": [0.16683991683991684, 0.36162079510703365, 0.4484536082474227, 0.6010526315789474], "73": [0.18711018711018712, 0.38340978593272174, 0.4652061855670103, 0.611578947368421], "74": [0.32536382536382535, 0.4275, 0.5682989690721649, 0.6568421052631579], "75": [0.22604790419161677, 0.23853211009174313, 0.47551546391752575, 0.5021052631578947], "76": [0.5135135135135136, 0.2895, 0.7197802197802199, 0.5915789473684211], "77": [0.5982328482328483, 0.0955, 0.7898351648351649, 0.451578947368421], "78": [0, 0.8446088794926004, 0.15422077922077923, 1], "79": [0.019417475728155338, 0.7892882311486963, 0.29896907216494845, 0.971578947368421], "80": [0.06796116504854369, 0.8002471169686985, 0.34664948453608246, 0.9896551724137931], "81": [0.06118881118881119, 0.835667215815486, 0.24594155844155846, 1], "82": [0.027972027972027972, 0.8299011532125206, 0.20332792207792208, 1], "83": [0.02152317880794702, 0.7797744890768147, 0.30670103092783507, 0.957471264367816], "84": [0.02702702702702703, 0.7170542635658915, 0.32216494845360827, 0.9337899543378995], "85": [0.08783783783783784, 0.7483525535420099, 0.3685567010309278, 0.9600456621004566], "86": [0.0841995841995842, 0.7821252059308073, 0.36082474226804123, 0.976890756302521], "87": [0.04158004158004158, 0.7722405271828666, 0.336340206185567, 0.9652631578947368], "88": [0.02793296089385475, 0.7067545304777595, 0.32989690721649484, 0.9155251141552511], "89": [0.0395010395010395, 0.6552028218694885, 0.3479381443298969, 0.8595890410958904], "90": [0.09511434511434512, 0.6781305114638447, 0.3917525773195876, 0.889269406392694], "91": [0.09667359667359668, 0.7269357495881384, 0.38144329896907214, 0.9452054794520548], "92": [0.061850311850311854, 0.7166392092257001, 0.3582474226804124, 0.9246575342465753], "93": [0.015873015873015872, 0.6335978835978836, 0.3492268041237113, 0.843607305936073], "94": [0.0429553264604811, 0.5498236331569665, 0.37242268041237114, 0.7778947368421052], "95": [0.027491408934707903, 0.46252204585537915, 0.3853092783505155, 0.7178947368421053], "96": [0.05326460481099656, 0.463302752293578, 0.3994845360824742, 0.684931506849315], "97": [0.09580838323353294, 0.4793577981651376, 0.4175257731958763, 0.7031963470319634],